source,target,weight,phase,type,diac_component
1_t1,1_t2,0.8125,t1,diac,0
2_t1,2_t2,0.8181818181818182,t1,diac,0
3_t1,3_t2,0.8198198198198198,t1,diac,1
4_t1,4_t2,0.875,t1,diac,2
1_t2,1_t3,0.22169811320754718,t2,diac,0
4_t2,3_t3,0.2484076433121019,t2,diac,2
2_t2,1_t3,0.26108374384236455,t2,diac,0
3_t2,2_t3,0.2185792349726776,t2,diac,1
3_t3,3_t4,0.8108108108108109,t3,diac,2
1_t3,1_t4,0.8703703703703703,t3,diac,0
2_t3,2_t4,0.8320610687022901,t3,diac,1
